scenario,algo,algo_label,run_id,n_qos_flows,n_decisions,n_timing,throughput_mean,throughput_std,throughput_min,throughput_max,latency_mean_ms,latency_std_ms,latency_p50_ms,latency_p95_ms,latency_p99_ms,jitter_mean_ms,jitter_std_ms,jitter_p95_ms,packet_loss_mean,packet_loss_max,latency_mdev_mean,latency_pre_ms,latency_post_ms,jitter_pre_ms,jitter_post_ms,throughput_pre,throughput_post,loss_pre_pct,loss_post_pct,flow_setup_mean_ms,flow_setup_std_ms,flow_setup_p50_ms,flow_setup_p95_ms,flow_setup_p99_ms,flow_setup_max_ms,end_mape,end_jfi_c,n_flows
steady,saintelague,Sainte-Lague,1,11,0,0,3.1444,0.0010382677881933982,3.1434,3.1456,13.596272727272726,4.14400465952704,13.72,19.241500000000002,19.3035,0.0,0.0,0.0,0.06754545454545455,0.0743,0.0,13.596272727272726,13.596272727272726,0.0,0.0,0.0,0.0,0.0,0.0,0.0,0.0,0.0,0.0,0.0,0.0,0,0,0
steady,saintelague,Sainte-Lague,2,11,0,0,3.144636363636364,0.0009759843515884293,3.1435,3.1455,13.834363636363637,4.239802383902515,13.209,18.802,19.5484,0.0,0.0,0.0,0.04728181818181818,0.0743,0.0,13.834363636363637,13.834363636363637,0.0,0.0,0.0,0.0,0.0,0.0,0.0,0.0,0.0,0.0,0.0,0.0,0,0,0
steady,saintelague,Sainte-Lague,3,11,0,0,3.144081818181818,0.0007180782433944512,3.1436,3.1455,18.194545454545455,2.5051285940500687,19.46,20.142,20.1428,0.0,0.0,0.0,0.0607909090909091,0.0743,0.0,18.194545454545455,18.194545454545455,0.0,0.0,0.0,0.0,0.0,0.0,0.0,0.0,0.0,0.0,0.0,0.0,0,0,0
steady,saintelague,Sainte-Lague,4,11,0,0,3.1441363636363637,0.0008902502201884132,3.1433,3.1455,18.326272727272727,6.027380809122799,19.307,25.7065,30.261300000000002,0.0,0.0,0.0,0.05403636363636364,0.0743,0.0,18.326272727272727,18.326272727272727,0.0,0.0,0.0,0.0,0.0,0.0,0.0,0.0,0.0,0.0,0.0,0.0,0,0,0
steady,saintelague,Sainte-Lague,5,11,0,0,3.1448272727272726,0.0009950787999861556,3.1435,3.1456,14.211454545454545,3.760335898922764,13.849,19.985500000000002,20.0211,0.0,0.0,0.0,0.033772727272727274,0.0743,0.0,14.211454545454545,14.211454545454545,0.0,0.0,0.0,0.0,0.0,0.0,0.0,0.0,0.0,0.0,0.0,0.0,0,0,0
steady,saintelague,Sainte-Lague,6,11,0,0,3.1455272727272727,6.466697906822301e-05,3.1454,3.1456,12.376818181818182,3.76298673444863,13.654,16.4795,16.840700000000002,0.0,0.0,0.0,0.020263636363636366,0.0743,0.0,12.376818181818182,12.376818181818182,0.0,0.0,0.0,0.0,0.0,0.0,0.0,0.0,0.0,0.0,0.0,0.0,0,0,0
steady,saintelague,Sainte-Lague,7,11,0,0,3.1451727272727275,0.000829567247534363,3.1434,3.1456,13.338636363636363,5.418706511202231,13.428,19.9395,20.040699999999998,0.0,0.0,0.0,0.02701818181818182,0.0743,0.0,13.338636363636363,13.338636363636363,0.0,0.0,0.0,0.0,0.0,0.0,0.0,0.0,0.0,0.0,0.0,0.0,0,0,0
steady,saintelague,Sainte-Lague,8,11,0,0,3.1451454545454545,0.0008153080845467969,3.1435,3.1456,15.247909090909092,2.2676252536318895,15.685,18.1685,19.0049,0.0,0.0,0.0,0.02701818181818182,0.0743,0.0,15.247909090909092,15.247909090909092,0.0,0.0,0.0,0.0,0.0,0.0,0.0,0.0,0.0,0.0,0.0,0.0,0,0,0
steady,saintelague,Sainte-Lague,9,11,0,0,3.1448,0.000993981891183172,3.1434,3.1456,13.884727272727272,4.056794303163745,13.296,19.1085,19.2721,0.0,0.0,0.0,0.02701818181818182,0.0743,0.0,13.884727272727272,13.884727272727272,0.0,0.0,0.0,0.0,0.0,0.0,0.0,0.0,0.0,0.0,0.0,0.0,0,0,0
steady,saintelague,Sainte-Lague,10,11,0,0,3.1444636363636365,0.0009992724626174416,3.1433,3.1456,16.821,7.89886994449206,19.25,26.869,31.917800000000007,0.0,0.0,0.0,0.05403636363636364,0.0743,0.0,16.821,16.821,0.0,0.0,0.0,0.0,0.0,0.0,0.0,0.0,0.0,0.0,0.0,0.0,0,0,0
steady,saintelague,Sainte-Lague,11,11,0,0,3.1455636363636366,5.0452497910833715e-05,3.1455,3.1456,14.695181818181817,2.8329269252199856,13.672,18.851,18.941399999999998,0.0,0.0,0.0,0.020263636363636366,0.0743,0.0,14.695181818181817,14.695181818181817,0.0,0.0,0.0,0.0,0.0,0.0,0.0,0.0,0.0,0.0,0.0,0.0,0,0,0
steady,saintelague,Sainte-Lague,12,11,0,0,3.144809090909091,0.0009491623100971829,3.1436,3.1456,13.990818181818181,5.436720110842231,12.91,20.7185,21.0293,0.0,0.0,0.0,0.0607909090909091,0.0743,0.0,13.990818181818181,13.990818181818181,0.0,0.0,0.0,0.0,0.0,0.0,0.0,0.0,0.0,0.0,0.0,0.0,0,0,0
steady,saintelague,Sainte-Lague,13,11,0,0,3.1439636363636363,0.0007813740810555978,3.1433,3.1455,19.288272727272727,5.791064290627571,19.33,27.596,33.64880000000001,0.0,0.0,0.0,0.0607909090909091,0.0743,0.0,19.288272727272727,19.288272727272727,0.0,0.0,0.0,0.0,0.0,0.0,0.0,0.0,0.0,0.0,0.0,0.0,0,0,0
steady,saintelague,Sainte-Lague,14,11,0,0,3.144009090909091,0.0007408839928822915,3.1435,3.1455,18.661272727272728,3.076775425373425,19.72,22.0885,23.5137,0.0,0.0,0.0,0.0607909090909091,0.0743,0.0,18.661272727272728,18.661272727272728,0.0,0.0,0.0,0.0,0.0,0.0,0.0,0.0,0.0,0.0,0.0,0.0,0,0,0
steady,saintelague,Sainte-Lague,15,11,0,0,3.1455545454545457,5.222329678658764e-05,3.1455,3.1456,13.092272727272727,3.8333504689999085,14.233,17.1685,17.536900000000003,0.0,0.0,0.0,0.01350909090909091,0.0743,0.0,13.092272727272727,13.092272727272727,0.0,0.0,0.0,0.0,0.0,0.0,0.0,0.0,0.0,0.0,0.0,0.0,0,0,0
steady,wrr,WRR,1,11,0,0,3.145027272727273,0.0008753181239880002,3.1436,3.1456,14.557,2.5192339708728917,14.547,18.377,18.9354,0.0,0.0,0.0,0.02701818181818182,0.0743,0.0,14.557,14.557,0.0,0.0,0.0,0.0,0.0,0.0,0.0,0.0,0.0,0.0,0.0,0.0,0,0,0
steady,wrr,WRR,2,11,0,0,3.1452,0.0007937253933194129,3.1435,3.1456,13.388,4.726192463283737,14.468,18.822499999999998,19.7797,0.0,0.0,0.0,0.020263636363636366,0.0743,0.0,13.388,13.388,0.0,0.0,0.0,0.0,0.0,0.0,0.0,0.0,0.0,0.0,0.0,0.0,0,0,0
steady,wrr,WRR,3,11,0,0,3.144790909090909,0.0010251385715644161,3.1434,3.1456,16.091727272727272,2.90957402692934,16.332,19.519,19.7814,0.0,0.0,0.0,0.033772727272727274,0.0743,0.0,16.091727272727272,16.091727272727272,0.0,0.0,0.0,0.0,0.0,0.0,0.0,0.0,0.0,0.0,0.0,0.0,0,0,0
steady,wrr,WRR,4,11,0,0,3.144118181818182,0.00089198450863032,3.1435,3.1455,17.71709090909091,2.658219722090161,19.148,19.884999999999998,19.9514,0.0,0.0,0.0,0.05403636363636364,0.0743,0.0,17.71709090909091,17.71709090909091,0.0,0.0,0.0,0.0,0.0,0.0,0.0,0.0,0.0,0.0,0.0,0.0,0,0,0
steady,wrr,WRR,5,11,0,0,3.1441363636363637,0.0008778071852892207,3.1436,3.1456,16.20509090909091,5.162199404411756,18.948,19.909,20.132199999999997,0.0,0.0,0.0,0.0743,0.0743,0.0,16.20509090909091,16.20509090909091,0.0,0.0,0.0,0.0,0.0,0.0,0.0,0.0,0.0,0.0,0.0,0.0,0,0,0
steady,wrr,WRR,6,11,0,0,3.1447636363636366,0.0009615328671165805,3.1435,3.1456,15.440272727272728,5.050084951580698,16.69,20.3705,20.4085,0.0,0.0,0.0,0.04052727272727273,0.0743,0.0,15.440272727272728,15.440272727272728,0.0,0.0,0.0,0.0,0.0,0.0,0.0,0.0,0.0,0.0,0.0,0.0,0,0,0
steady,wrr,WRR,7,11,0,0,3.1438545454545457,0.0005768251665169302,3.1435,3.1455,18.016636363636362,3.0454204725366667,19.242,20.4165,20.6409,0.0,0.0,0.0,0.06754545454545455,0.0743,0.0,18.016636363636362,18.016636363636362,0.0,0.0,0.0,0.0,0.0,0.0,0.0,0.0,0.0,0.0,0.0,0.0,0,0,0
steady,wrr,WRR,8,11,0,0,3.1445727272727275,0.0009371135567164343,3.1436,3.1456,16.18672727272727,3.6957321626684227,18.029,19.378999999999998,19.387,0.0,0.0,0.0,0.06754545454545455,0.0743,0.0,16.18672727272727,16.18672727272727,0.0,0.0,0.0,0.0,0.0,0.0,0.0,0.0,0.0,0.0,0.0,0.0,0,0,0
steady,wrr,WRR,9,11,0,0,3.144609090909091,0.0009802597058479387,3.1435,3.1456,14.039545454545454,6.372674279509919,18.252,20.116500000000002,20.3089,0.0,0.0,0.0,0.0743,0.0743,0.0,14.039545454545454,14.039545454545454,0.0,0.0,0.0,0.0,0.0,0.0,0.0,0.0,0.0,0.0,0.0,0.0,0,0,0
steady,wrr,WRR,10,11,0,0,3.1451727272727275,0.0007590664122340177,3.1435,3.1456,11.213909090909091,4.469879471631097,11.057,17.016,18.852,0.0,0.0,0.0,0.04052727272727273,0.0743,0.0,11.213909090909091,11.213909090909091,0.0,0.0,0.0,0.0,0.0,0.0,0.0,0.0,0.0,0.0,0.0,0.0,0,0,0
steady,wrr,WRR,11,11,0,0,3.1445000000000003,0.0009787747442593735,3.1436,3.1456,15.305454545454545,4.88295542399552,16.722,20.0565,20.0865,0.0,0.0,0.0,0.05403636363636364,0.0743,0.0,15.305454545454545,15.305454545454545,0.0,0.0,0.0,0.0,0.0,0.0,0.0,0.0,0.0,0.0,0.0,0.0,0,0,0
steady,wrr,WRR,12,11,0,0,3.1446454545454547,0.000963704971828693,3.1436,3.1455,15.971727272727273,4.110687730560644,16.111,19.9725,20.120900000000002,0.0,0.0,0.0,0.05403636363636364,0.0743,0.0,15.971727272727273,15.971727272727273,0.0,0.0,0.0,0.0,0.0,0.0,0.0,0.0,0.0,0.0,0.0,0.0,0,0,0
steady,wrr,WRR,13,11,0,0,3.144318181818182,0.0009378893131049431,3.1436,3.1455,16.31081818181818,4.514902918517336,19.231,20.5685,20.7609,0.0,0.0,0.0,0.0607909090909091,0.0743,0.0,16.31081818181818,16.31081818181818,0.0,0.0,0.0,0.0,0.0,0.0,0.0,0.0,0.0,0.0,0.0,0.0,0,0,0
steady,wrr,WRR,14,11,0,0,3.144881818181818,0.0008459529322818928,3.1436,3.1455,18.48018181818182,8.550861743920104,18.059,33.8835,34.6783,0.0,0.0,0.0,0.0607909090909091,0.0743,0.0,18.48018181818182,18.48018181818182,0.0,0.0,0.0,0.0,0.0,0.0,0.0,0.0,0.0,0.0,0.0,0.0,0,0,0
steady,wrr,WRR,15,11,0,0,3.1453545454545457,0.0006170310143966104,3.1435,3.1456,13.959181818181818,4.333423999983888,14.235,20.474,22.8652,0.0,0.0,0.0,0.020263636363636366,0.0743,0.0,13.959181818181818,13.959181818181818,0.0,0.0,0.0,0.0,0.0,0.0,0.0,0.0,0.0,0.0,0.0,0.0,0,0,0
steady,iwrr,IWRR,1,11,0,0,3.1446545454545456,0.0009913260173763656,3.1436,3.1456,15.02809090909091,5.165865492916854,15.933,20.005000000000003,20.1434,0.0,0.0,0.0,0.04728181818181818,0.0743,0.0,15.02809090909091,15.02809090909091,0.0,0.0,0.0,0.0,0.0,0.0,0.0,0.0,0.0,0.0,0.0,0.0,0,0,0
steady,iwrr,IWRR,2,11,0,0,3.1446272727272726,0.001061217139977435,3.1435,3.1456,14.75690909090909,4.928623042078699,15.728,19.323,19.326999999999998,0.0,0.0,0.0,0.04728181818181818,0.0743,0.0,14.75690909090909,14.75690909090909,0.0,0.0,0.0,0.0,0.0,0.0,0.0,0.0,0.0,0.0,0.0,0.0,0,0,0
steady,iwrr,IWRR,3,11,0,0,3.144481818181818,0.0010147099899165035,3.1435,3.1456,16.552363636363637,7.126017011946115,17.025,26.657999999999998,31.1644,0.0,0.0,0.0,0.04728181818181818,0.0743,0.0,16.552363636363637,16.552363636363637,0.0,0.0,0.0,0.0,0.0,0.0,0.0,0.0,0.0,0.0,0.0,0.0,0,0,0
steady,iwrr,IWRR,4,11,0,0,3.1446272727272726,0.0010422004692869236,3.1435,3.1456,15.92909090909091,3.8240794828179356,15.397,20.7265,21.8861,0.0,0.0,0.0,0.04728181818181818,0.0743,0.0,15.92909090909091,15.92909090909091,0.0,0.0,0.0,0.0,0.0,0.0,0.0,0.0,0.0,0.0,0.0,0.0,0,0,0
steady,iwrr,IWRR,5,11,0,0,3.1453818181818183,0.0005600324665913535,3.1437,3.1456,14.929727272727273,4.780698967534121,14.992,22.630499999999998,25.858900000000002,0.0,0.0,0.0,0.020263636363636366,0.0743,0.0,14.929727272727273,14.929727272727273,0.0,0.0,0.0,0.0,0.0,0.0,0.0,0.0,0.0,0.0,0.0,0.0,0,0,0
steady,iwrr,IWRR,6,11,0,0,3.1451727272727275,0.0007811413560821729,3.1435,3.1456,12.183272727272728,3.7288524532598255,12.732,17.4695,19.343500000000002,0.0,0.0,0.0,0.020263636363636366,0.0743,0.0,12.183272727272728,12.183272727272728,0.0,0.0,0.0,0.0,0.0,0.0,0.0,0.0,0.0,0.0,0.0,0.0,0,0,0
steady,iwrr,IWRR,7,11,0,0,3.1448181818181817,0.0010067950951590787,3.1435,3.1456,15.710454545454546,2.917154790669715,15.351,19.493,19.618599999999997,0.0,0.0,0.0,0.02701818181818182,0.0743,0.0,15.710454545454546,15.710454545454546,0.0,0.0,0.0,0.0,0.0,0.0,0.0,0.0,0.0,0.0,0.0,0.0,0,0,0
steady,iwrr,IWRR,8,11,0,0,3.1447727272727275,0.0009582180431310086,3.1435,3.1456,14.54509090909091,4.583519269176152,15.75,19.485,19.6058,0.0,0.0,0.0,0.033772727272727274,0.0743,0.0,14.54509090909091,14.54509090909091,0.0,0.0,0.0,0.0,0.0,0.0,0.0,0.0,0.0,0.0,0.0,0.0,0,0,0
steady,iwrr,IWRR,9,11,0,0,3.1453363636363636,0.0005937553827506883,3.1436,3.1456,15.153,4.854066707411427,15.943,21.912,23.732000000000003,0.0,0.0,0.0,0.020263636363636366,0.0743,0.0,15.153,15.153,0.0,0.0,0.0,0.0,0.0,0.0,0.0,0.0,0.0,0.0,0.0,0.0,0,0,0
steady,iwrr,IWRR,10,11,0,0,3.145209090909091,0.000772598919821325,3.1436,3.1456,14.095181818181818,4.546495855451356,15.095,19.177999999999997,19.348399999999998,0.0,0.0,0.0,0.02701818181818182,0.0743,0.0,14.095181818181818,14.095181818181818,0.0,0.0,0.0,0.0,0.0,0.0,0.0,0.0,0.0,0.0,0.0,0.0,0,0,0
steady,iwrr,IWRR,11,11,0,0,3.1445545454545454,0.0009448424592107162,3.1437,3.1456,17.83109090909091,3.702091583268719,19.14,21.655,23.0438,0.0,0.0,0.0,0.04728181818181818,0.0743,0.0,17.83109090909091,17.83109090909091,0.0,0.0,0.0,0.0,0.0,0.0,0.0,0.0,0.0,0.0,0.0,0.0,0,0,0
steady,iwrr,IWRR,12,11,0,0,3.144990909090909,0.0008949352439752429,3.1436,3.1456,13.289363636363637,5.030440781337701,13.822,19.4265,19.4765,0.0,0.0,0.0,0.02701818181818182,0.0743,0.0,13.289363636363637,13.289363636363637,0.0,0.0,0.0,0.0,0.0,0.0,0.0,0.0,0.0,0.0,0.0,0.0,0,0,0
steady,iwrr,IWRR,13,11,0,0,3.1453363636363636,0.0006103650174653788,3.1435,3.1456,13.98409090909091,3.8393841291161643,14.595,18.2135,19.2347,0.0,0.0,0.0,0.02701818181818182,0.0743,0.0,13.98409090909091,13.98409090909091,0.0,0.0,0.0,0.0,0.0,0.0,0.0,0.0,0.0,0.0,0.0,0.0,0,0,0
steady,iwrr,IWRR,14,11,0,0,3.1439454545454546,0.0007954415583355278,3.1435,3.1456,16.394545454545455,4.494688918348774,18.965,19.9115,19.999100000000002,0.0,0.0,0.0,0.06754545454545455,0.0743,0.0,16.394545454545455,16.394545454545455,0.0,0.0,0.0,0.0,0.0,0.0,0.0,0.0,0.0,0.0,0.0,0.0,0,0,0
steady,iwrr,IWRR,15,11,0,0,3.1449363636363636,0.0009244162777372312,3.1435,3.1456,12.171363636363637,5.562355189534865,13.221,18.729999999999997,19.221999999999998,0.0,0.0,0.0,0.05403636363636364,0.0743,0.0,12.171363636363637,12.171363636363637,0.0,0.0,0.0,0.0,0.0,0.0,0.0,0.0,0.0,0.0,0.0,0.0,0,0,0
steady,wlc,WLC,1,11,0,0,3.1443454545454546,0.0009427233277729259,3.1436,3.1456,15.087454545454545,5.172036279138737,17.588,19.5685,19.5841,0.0,0.0,0.0,0.05403636363636364,0.0743,0.0,15.087454545454545,15.087454545454545,0.0,0.0,0.0,0.0,0.0,0.0,0.0,0.0,0.0,0.0,0.0,0.0,0,0,0
steady,wlc,WLC,2,11,0,0,3.144318181818182,0.0009734661594716449,3.1434,3.1455,16.336,3.1473342688694506,16.607,19.914,19.971600000000002,0.0,0.0,0.0,0.0607909090909091,0.0743,0.0,16.336,16.336,0.0,0.0,0.0,0.0,0.0,0.0,0.0,0.0,0.0,0.0,0.0,0.0,0,0,0
steady,wlc,WLC,3,11,0,0,3.1441636363636367,0.000870945150136028,3.1436,3.1455,17.68990909090909,2.662181641231321,19.129,20.2695,20.2947,0.0,0.0,0.0,0.0607909090909091,0.0743,0.0,17.68990909090909,17.68990909090909,0.0,0.0,0.0,0.0,0.0,0.0,0.0,0.0,0.0,0.0,0.0,0.0,0,0,0
steady,wlc,WLC,4,11,0,0,3.144881818181818,0.0008874887963441509,3.1436,3.1456,14.535727272727273,4.81035855401464,14.493,19.685499999999998,19.752299999999998,0.0,0.0,0.0,0.033772727272727274,0.0743,0.0,14.535727272727273,14.535727272727273,0.0,0.0,0.0,0.0,0.0,0.0,0.0,0.0,0.0,0.0,0.0,0.0,0,0,0
steady,wlc,WLC,5,11,0,0,3.144609090909091,0.001062501336897628,3.1435,3.1456,14.29418181818182,5.233307497523565,15.715,19.279,19.3598,0.0,0.0,0.0,0.05403636363636364,0.0743,0.0,14.29418181818182,14.29418181818182,0.0,0.0,0.0,0.0,0.0,0.0,0.0,0.0,0.0,0.0,0.0,0.0,0,0,0
steady,wlc,WLC,6,11,0,0,3.1450181818181817,0.0009119409869263834,3.1436,3.1456,14.049363636363637,4.542550765213908,13.434,19.685000000000002,19.974600000000002,0.0,0.0,0.0,0.04728181818181818,0.0743,0.0,14.049363636363637,14.049363636363637,0.0,0.0,0.0,0.0,0.0,0.0,0.0,0.0,0.0,0.0,0.0,0.0,0,0,0
steady,wlc,WLC,7,11,0,0,3.1451636363636366,0.0007762380141074968,3.1435,3.1456,13.003636363636364,3.478186288073923,13.586,17.65,19.207600000000003,0.0,0.0,0.0,0.05403636363636364,0.0743,0.0,13.003636363636364,13.003636363636364,0.0,0.0,0.0,0.0,0.0,0.0,0.0,0.0,0.0,0.0,0.0,0.0,0,0,0
steady,wlc,WLC,8,11,0,0,3.144309090909091,0.0010044446679181036,3.1431,3.1456,15.258909090909091,8.223251515727164,17.059,26.576,31.724800000000005,0.0,0.0,0.0,0.05403636363636364,0.0743,0.0,15.258909090909091,15.258909090909091,0.0,0.0,0.0,0.0,0.0,0.0,0.0,0.0,0.0,0.0,0.0,0.0,0,0,0
steady,wlc,WLC,9,11,0,0,3.1445727272727275,0.0009349769078335119,3.1435,3.1455,14.818454545454545,4.788669989958305,15.417,19.8575,20.0643,0.0,0.0,0.0,0.0607909090909091,0.0743,0.0,14.818454545454545,14.818454545454545,0.0,0.0,0.0,0.0,0.0,0.0,0.0,0.0,0.0,0.0,0.0,0.0,0,0,0
steady,wlc,WLC,10,11,0,0,3.144718181818182,0.0010814972786079929,3.1429,3.1456,15.578363636363637,5.286319670105607,15.67,22.105,23.8578,0.0,0.0,0.0,0.033772727272727274,0.0743,0.0,15.578363636363637,15.578363636363637,0.0,0.0,0.0,0.0,0.0,0.0,0.0,0.0,0.0,0.0,0.0,0.0,0,0,0
steady,wlc,WLC,11,11,0,0,3.1453545454545457,0.0006170310143966104,3.1435,3.1456,13.768181818181818,3.266996627429597,13.169,18.168,19.447200000000002,0.0,0.0,0.0,0.01350909090909091,0.0743,0.0,13.768181818181818,13.768181818181818,0.0,0.0,0.0,0.0,0.0,0.0,0.0,0.0,0.0,0.0,0.0,0.0,0,0,0
steady,wlc,WLC,12,11,0,0,3.1449727272727275,0.0009466688006805534,3.1435,3.1456,13.25,4.294672280861486,14.456,17.3145,17.3157,0.0,0.0,0.0,0.04728181818181818,0.0743,0.0,13.25,13.25,0.0,0.0,0.0,0.0,0.0,0.0,0.0,0.0,0.0,0.0,0.0,0.0,0,0,0
steady,wlc,WLC,13,11,0,0,3.144790909090909,0.001006433848252855,3.1434,3.1456,13.828909090909091,5.807213108790575,15.392,19.418,19.500400000000003,0.0,0.0,0.0,0.0607909090909091,0.0743,0.0,13.828909090909091,13.828909090909091,0.0,0.0,0.0,0.0,0.0,0.0,0.0,0.0,0.0,0.0,0.0,0.0,0,0,0
steady,wlc,WLC,14,11,0,0,3.1444727272727273,0.0010325608060457042,3.1432,3.1456,15.633000000000001,7.355750254052947,15.976,25.776,30.410400000000003,0.0,0.0,0.0,0.05403636363636364,0.0743,0.0,15.633000000000001,15.633000000000001,0.0,0.0,0.0,0.0,0.0,0.0,0.0,0.0,0.0,0.0,0.0,0.0,0,0,0
steady,wlc,WLC,15,11,0,0,3.1443454545454546,0.0009363371576133122,3.1436,3.1456,16.189272727272726,4.871401648209868,16.945,20.154,20.2956,0.0,0.0,0.0,0.0607909090909091,0.0743,0.0,16.189272727272726,16.189272727272726,0.0,0.0,0.0,0.0,0.0,0.0,0.0,0.0,0.0,0.0,0.0,0.0,0,0,0
single_change,saintelague,Sainte-Lague,1,15,0,0,3.0244733333333333,0.11633746765746786,2.9095,3.1456,18.8806,8.52933643206953,17.511,32.99230000000001,36.26326,0.0,0.0,0.0,0.03833333333333334,0.1239,0.0,13.4845,22.478,0.0,0.0,3.1455166666666665,2.9437777777777776,0.02476666666666667,0.04737777777777778,0.0,0.0,0.0,0.0,0.0,0.0,0,0,0
single_change,saintelague,Sainte-Lague,2,15,0,0,3.07062,0.10695124523418544,2.921,3.1456,23.671533333333333,10.137782484115453,20.027,41.63840000000001,47.909279999999995,0.0,0.0,0.0,0.026006666666666668,0.0929,0.0,20.8465,25.55488888888889,0.0,0.0,3.144233333333333,3.0215444444444444,0.04953333333333334,0.010322222222222222,0.0,0.0,0.0,0.0,0.0,0.0,0,0,0
single_change,saintelague,Sainte-Lague,3,15,0,0,3.0561333333333334,0.11149087513377608,2.9156,3.1456,14.745733333333334,5.05249374731594,13.671,21.977400000000006,27.453079999999993,0.0,0.0,0.0,0.03131333333333333,0.0929,0.0,12.369666666666667,16.329777777777778,0.0,0.0,3.14555,2.996522222222222,0.012383333333333335,0.04393333333333334,0.0,0.0,0.0,0.0,0.0,0.0,0,0,0
single_change,saintelague,Sainte-Lague,4,15,0,0,3.051746666666667,0.11302213352554742,2.9073,3.1456,17.926333333333332,8.56532493476431,14.905,36.8389,37.159780000000005,0.0,0.0,0.0,0.04293333333333334,0.1239,0.0,12.748666666666667,21.37811111111111,0.0,0.0,3.1455166666666665,2.9892333333333334,0.02476666666666667,0.055044444444444444,0.0,0.0,0.0,0.0,0.0,0.0,0,0,0
single_change,saintelague,Sainte-Lague,5,15,0,0,3.05202,0.11236428130987945,2.9097,3.1456,20.468,10.527218483531156,17.835,36.882200000000005,37.15884,0.0,0.0,0.0,0.053193333333333336,0.1239,0.0,12.783166666666666,25.591222222222225,0.0,0.0,3.1448833333333335,2.990111111111111,0.04953333333333334,0.05563333333333333,0.0,0.0,0.0,0.0,0.0,0.0,0,0,0
single_change,saintelague,Sainte-Lague,6,15,0,0,3.008626666666667,0.11612385301089195,2.8612,3.1455,18.747333333333334,6.024517913927893,18.788,27.334300000000006,31.260459999999995,0.0,0.0,0.0,0.03096,0.0929,0.0,18.613166666666665,18.836777777777776,0.0,0.0,3.144616666666667,2.9179666666666666,0.03715,0.026833333333333334,0.0,0.0,0.0,0.0,0.0,0.0,0,0,0
single_change,saintelague,Sainte-Lague,7,15,0,0,3.05564,0.10901505662718604,2.9252,3.1456,14.1908,6.435364127781959,14.115,23.07980000000001,29.299159999999993,0.0,0.0,0.0,0.03998,0.0796,0.0,13.855166666666666,14.414555555555555,0.0,0.0,3.1445833333333333,2.9963444444444445,0.06191666666666667,0.025355555555555558,0.0,0.0,0.0,0.0,0.0,0.0,0,0,0
single_change,saintelague,Sainte-Lague,8,15,0,0,3.0522466666666666,0.11411780170800113,2.9098,3.1456,20.6204,8.74348063906556,19.981,36.6576,36.832319999999996,0.0,0.0,0.0,0.052840000000000005,0.1239,0.0,15.179333333333334,24.247777777777777,0.0,0.0,3.1446,2.990677777777778,0.04953333333333334,0.055044444444444444,0.0,0.0,0.0,0.0,0.0,0.0,0,0,0
single_change,saintelague,Sainte-Lague,9,15,0,0,3.08136,0.10319992248059101,2.9097,3.1456,19.853133333333332,7.609619615673185,17.701,35.3723,36.29126,0.0,0.0,0.0,0.04293333333333334,0.1239,0.0,15.603166666666667,22.686444444444444,0.0,0.0,3.1452166666666668,3.038788888888889,0.02476666666666667,0.055044444444444444,0.0,0.0,0.0,0.0,0.0,0.0,0,0,0
single_change,saintelague,Sainte-Lague,10,15,0,0,3.053786666666667,0.11317199847177412,2.9078,3.1455,19.571466666666666,6.236098469701191,18.339,31.685200000000005,35.75864,0.0,0.0,0.0,0.052840000000000005,0.1239,0.0,17.7095,20.81277777777778,0.0,0.0,3.1439166666666667,2.9937,0.06191666666666667,0.046788888888888894,0.0,0.0,0.0,0.0,0.0,0.0,0,0,0
single_change,saintelague,Sainte-Lague,11,15,0,0,3.0365066666666665,0.11600827228303692,2.8719,3.1456,18.979133333333333,3.2012097906587633,19.115,23.829500000000003,25.0307,0.0,0.0,0.0,0.03962666666666667,0.0743,0.0,18.9535,18.996222222222222,0.0,0.0,3.1440333333333332,2.9648222222222222,0.06191666666666667,0.02476666666666667,0.0,0.0,0.0,0.0,0.0,0.0,0,0,0
single_change,saintelague,Sainte-Lague,12,15,0,0,3.03826,0.1169893572693077,2.8755,3.1456,13.546933333333333,3.4562539892338986,13.509,19.1792,19.31024,0.0,0.0,0.0,0.03626666666666667,0.0929,0.0,11.375333333333334,14.994666666666667,0.0,0.0,3.14525,2.9669333333333334,0.03715,0.03567777777777778,0.0,0.0,0.0,0.0,0.0,0.0,0,0,0
single_change,saintelague,Sainte-Lague,13,15,0,0,3.0694533333333336,0.10744609190969522,2.9118,3.1456,19.724666666666668,6.005431513777063,19.16,30.825600000000005,33.55952,0.0,0.0,0.0,0.052840000000000005,0.1239,0.0,19.027166666666666,20.189666666666668,0.0,0.0,3.1439666666666666,3.0197777777777777,0.06191666666666667,0.046788888888888894,0.0,0.0,0.0,0.0,0.0,0.0,0,0,0
single_change,saintelague,Sainte-Lague,14,15,0,0,3.0074,0.11651991859150711,2.8718,3.1456,18.3754,6.123170966559261,19.091,25.652200000000008,34.121639999999985,0.0,0.0,0.0,0.030073333333333334,0.0796,0.0,18.438499999999998,18.333333333333332,0.0,0.0,3.14435,2.9161,0.04953333333333334,0.0171,0.0,0.0,0.0,0.0,0.0,0.0,0,0,0
single_change,saintelague,Sainte-Lague,15,15,0,0,3.0502266666666666,0.11813608053346587,2.8723,3.1456,17.075866666666666,6.800218587523142,18.578,25.919400000000003,28.23108,0.0,0.0,0.0,0.03962666666666667,0.0743,0.0,13.769666666666668,19.28,0.0,0.0,3.1446,2.987311111111111,0.03715,0.04127777777777778,0.0,0.0,0.0,0.0,0.0,0.0,0,0,0
single_change,saintelague,Sainte-Lague,16,15,0,0,3.067013333333333,0.10838517865640557,2.9097,3.1455,25.695533333333334,15.067982876979666,19.609,47.81450000000003,68.45889999999999,0.0,0.0,0.0,0.03962666666666667,0.0743,0.0,20.162333333333333,29.384333333333334,0.0,0.0,3.143666666666667,3.015911111111111,0.06191666666666667,0.02476666666666667,0.0,0.0,0.0,0.0,0.0,0.0,0,0,0
single_change,saintelague,Sainte-Lague,17,15,0,0,3.02084,0.1188156122497617,2.8563,3.1456,18.4578,7.434089935656454,15.65,31.667,33.0278,0.0,0.0,0.0,0.03096,0.0929,0.0,12.9885,22.104,0.0,0.0,3.1455333333333333,2.937711111111111,0.02476666666666667,0.03508888888888889,0.0,0.0,0.0,0.0,0.0,0.0,0,0,0
single_change,saintelague,Sainte-Lague,18,15,0,0,3.0799,0.10276209695908586,2.9115,3.1455,20.959866666666667,7.315406832419474,19.59,31.655000000000005,34.5054,0.0,0.0,0.0,0.05944000000000001,0.0743,0.0,16.077666666666666,24.214666666666666,0.0,0.0,3.1443,3.036966666666667,0.06191666666666667,0.05778888888888889,0.0,0.0,0.0,0.0,0.0,0.0,0,0,0
single_change,saintelague,Sainte-Lague,19,15,0,0,3.0076933333333336,0.1168193261082299,2.8675,3.1455,16.961866666666666,6.60653757237769,18.33,25.513400000000008,31.129079999999995,0.0,0.0,0.0,0.02476666666666667,0.0743,0.0,12.677833333333334,19.817888888888888,0.0,0.0,3.1448833333333335,2.9162333333333335,0.04953333333333334,0.008255555555555556,0.0,0.0,0.0,0.0,0.0,0.0,0,0,0
single_change,saintelague,Sainte-Lague,20,15,0,0,3.0233733333333332,0.1170432366183337,2.9028,3.1455,20.59026666666667,8.078768960912889,19.115,37.425200000000004,38.36824,0.0,0.0,0.0,0.03962666666666667,0.0743,0.0,17.532333333333334,22.628888888888888,0.0,0.0,3.14435,2.9427222222222222,0.06191666666666667,0.02476666666666667,0.0,0.0,0.0,0.0,0.0,0.0,0,0,0
single_change,wrr,WRR,1,15,0,0,3.0255333333333336,0.11430424730683003,2.9103,3.1456,17.609866666666665,6.351211592699309,18.891,24.963000000000008,32.15339999999999,0.0,0.0,0.0,0.02476666666666667,0.0743,0.0,15.477333333333334,19.031555555555556,0.0,0.0,3.144233333333333,2.9464,0.06191666666666667,0.0,0.0,0.0,0.0,0.0,0.0,0.0,0,0,0
single_change,wrr,WRR,2,15,0,0,3.02638,0.11436977747639454,2.9096,3.1455,18.138866666666665,6.330845823276321,15.544,27.05530000000001,35.254259999999995,0.0,0.0,0.0,0.029720000000000003,0.0743,0.0,17.1175,18.819777777777777,0.0,0.0,3.14425,2.9478,0.06191666666666667,0.008255555555555556,0.0,0.0,0.0,0.0,0.0,0.0,0,0,0
single_change,wrr,WRR,3,15,0,0,3.05244,0.11303667420039272,2.9103,3.1454,19.337066666666665,8.337666644011781,19.162,33.926100000000005,36.56762,0.0,0.0,0.0,0.057793333333333335,0.1239,0.0,15.956666666666665,21.590666666666667,0.0,0.0,3.1441333333333334,2.991311111111111,0.0743,0.046788888888888894,0.0,0.0,0.0,0.0,0.0,0.0,0,0,0
single_change,wrr,WRR,4,15,0,0,3.0263400000000003,0.11431360873866747,2.9183,3.1455,16.384666666666668,5.291289589864604,18.535,21.136800000000004,23.111359999999998,0.0,0.0,0.0,0.03798,0.1239,0.0,15.929833333333333,16.68788888888889,0.0,0.0,3.144233333333333,2.9477444444444445,0.06191666666666667,0.02202222222222222,0.0,0.0,0.0,0.0,0.0,0.0,0,0,0
single_change,wrr,WRR,5,15,0,0,3.02076,0.1185734239074796,2.8698,3.1455,19.2136,5.831089224395143,17.861,28.85420000000001,35.699639999999995,0.0,0.0,0.0,0.034673333333333334,0.0743,0.0,16.812,20.814666666666668,0.0,0.0,3.1439166666666667,2.9386555555555556,0.0743,0.008255555555555556,0.0,0.0,0.0,0.0,0.0,0.0,0,0,0
single_change,wrr,WRR,6,15,0,0,3.02414,0.11595285248755209,2.9097,3.1455,23.559866666666668,11.595810529587625,19.113,42.21650000000001,52.500899999999994,0.0,0.0,0.0,0.029720000000000003,0.0743,0.0,25.355666666666668,22.362666666666666,0.0,0.0,3.144233333333333,2.944077777777778,0.03715,0.02476666666666667,0.0,0.0,0.0,0.0,0.0,0.0,0,0,0
single_change,wrr,WRR,7,15,0,0,3.0544533333333335,0.11177322620036567,2.9097,3.1456,19.533733333333334,7.364845827759511,19.281,32.024800000000006,35.71856,0.0,0.0,0.0,0.04458,0.0743,0.0,18.190833333333334,20.429000000000002,0.0,0.0,3.1439666666666666,2.9947777777777778,0.06191666666666667,0.033022222222222224,0.0,0.0,0.0,0.0,0.0,0.0,0,0,0
single_change,wrr,WRR,8,15,0,0,3.04164,0.11354074032824396,2.9218,3.1456,16.411066666666667,4.4341466640262635,15.451,23.3883,23.76966,0.0,0.0,0.0,0.034673333333333334,0.0743,0.0,17.514166666666668,15.675666666666666,0.0,0.0,3.144233333333333,2.9732444444444446,0.06191666666666667,0.016511111111111112,0.0,0.0,0.0,0.0,0.0,0.0,0,0,0
single_change,wrr,WRR,9,15,0,0,3.05468,0.11357288534555367,2.9117,3.1456,18.996066666666668,9.472455998213727,15.949,35.480999999999995,35.7162,0.0,0.0,0.0,0.04293333333333334,0.1239,0.0,16.506333333333334,20.65588888888889,0.0,0.0,3.1448666666666667,2.9945555555555554,0.03715,0.046788888888888894,0.0,0.0,0.0,0.0,0.0,0.0,0,0,0
single_change,wrr,WRR,10,15,0,0,3.0697466666666666,0.10647726696789504,2.9212,3.1456,14.396,5.827896471773867,14.396,22.849400000000003,26.101879999999994,0.0,0.0,0.0,0.034673333333333334,0.0743,0.0,10.310833333333333,17.119444444444444,0.0,0.0,3.1455333333333333,3.019222222222222,0.04953333333333334,0.02476666666666667,0.0,0.0,0.0,0.0,0.0,0.0,0,0,0
single_change,wrr,WRR,11,15,0,0,3.0250066666666666,0.11507011816817651,2.9112,3.1456,20.346,6.2953246030004575,18.57,35.0018,35.346759999999996,0.0,0.0,0.0,0.034673333333333334,0.0743,0.0,17.894333333333332,21.980444444444444,0.0,0.0,3.144166666666667,2.9455666666666667,0.06191666666666667,0.016511111111111112,0.0,0.0,0.0,0.0,0.0,0.0,0,0,0
single_change,wrr,WRR,12,15,0,0,3.0260866666666666,0.11417036685001358,2.9184,3.1456,19.1428,11.333950031400603,14.807,37.01770000000002,51.73953999999999,0.0,0.0,0.0,0.026006666666666668,0.0929,0.0,19.256666666666668,19.06688888888889,0.0,0.0,3.1452166666666668,2.9466666666666668,0.04953333333333334,0.010322222222222222,0.0,0.0,0.0,0.0,0.0,0.0,0,0,0
single_change,wrr,WRR,13,15,0,0,3.0385133333333334,0.11693200018244225,2.9097,3.1456,22.255866666666666,7.573470216737472,19.765,36.9193,37.00946,0.0,0.0,0.0,0.04953333333333334,0.0743,0.0,17.949833333333334,25.126555555555555,0.0,0.0,3.1436333333333337,2.9684333333333335,0.0743,0.033022222222222224,0.0,0.0,0.0,0.0,0.0,0.0,0,0,0
single_change,wrr,WRR,14,15,0,0,3.0064333333333333,0.11811133770827464,2.8677,3.1456,19.589133333333333,8.6134215108637,16.995,35.5599,36.541579999999996,0.0,0.0,0.0,0.029720000000000003,0.0743,0.0,13.367333333333333,23.737000000000002,0.0,0.0,3.1452,2.9139222222222223,0.02476666666666667,0.033022222222222224,0.0,0.0,0.0,0.0,0.0,0.0,0,0,0
single_change,wrr,WRR,15,15,0,0,3.039346666666667,0.11383855025346001,2.9095,3.1455,19.907733333333333,5.723208534013899,20.012,27.49160000000001,35.159119999999994,0.0,0.0,0.0,0.03998,0.0796,0.0,19.2355,20.355888888888888,0.0,0.0,3.1440333333333337,2.9695555555555555,0.06191666666666667,0.025355555555555558,0.0,0.0,0.0,0.0,0.0,0.0,0,0,0
single_change,wrr,WRR,16,15,0,0,3.0380266666666667,0.1168730047448736,2.9093,3.1456,21.213266666666666,10.791027764282873,16.98,36.627100000000006,37.17422,0.0,0.0,0.0,0.03798,0.1239,0.0,12.273666666666667,27.173000000000002,0.0,0.0,3.1455166666666665,2.9663666666666666,0.03715,0.038533333333333336,0.0,0.0,0.0,0.0,0.0,0.0,0,0,0
single_change,wrr,WRR,17,15,0,0,3.022066666666667,0.11817601077972435,2.871,3.1455,18.5452,4.803665775812705,19.27,23.6333,24.01466,0.0,0.0,0.0,0.034673333333333334,0.0743,0.0,15.970166666666666,20.261888888888887,0.0,0.0,3.144233333333333,2.9406222222222222,0.06191666666666667,0.016511111111111112,0.0,0.0,0.0,0.0,0.0,0.0,0,0,0
single_change,wrr,WRR,18,15,0,0,3.0407800000000003,0.1126624173614,2.9224,3.1456,19.790666666666667,7.84165624512237,18.361,35.4629,36.05258,0.0,0.0,0.0,0.019813333333333336,0.0743,0.0,22.8775,17.732777777777777,0.0,0.0,3.1449000000000003,2.971366666666667,0.02476666666666667,0.016511111111111112,0.0,0.0,0.0,0.0,0.0,0.0,0,0,0
single_change,wrr,WRR,19,15,0,0,3.03558,0.11870582606956223,2.8686,3.1455,19.172066666666666,5.023294272922994,19.274,26.463600000000003,28.74952,0.0,0.0,0.0,0.04458,0.0743,0.0,16.415,21.01011111111111,0.0,0.0,3.1439500000000002,2.9633333333333334,0.0743,0.02476666666666667,0.0,0.0,0.0,0.0,0.0,0.0,0,0,0
single_change,wrr,WRR,20,15,0,0,3.0346333333333333,0.1214216306139577,2.8524,3.1455,23.0184,6.730027369929487,20.074,35.60530000000001,36.68106,0.0,0.0,0.0,0.05077333333333334,0.0929,0.0,21.272,24.182666666666666,0.0,0.0,3.1439166666666667,2.961777777777778,0.06191666666666667,0.04334444444444445,0.0,0.0,0.0,0.0,0.0,0.0,0,0,0
single_change,iwrr,IWRR,1,15,0,0,3.1450133333333334,0.0008854915234462449,3.1436,3.1456,12.427133333333334,3.875665396634063,11.684,18.2482,18.76004,0.0,0.0,0.0,0.06274666666666667,0.1239,0.0,13.206833333333334,11.907333333333334,0.0,0.0,3.1442666666666668,3.1455111111111114,0.04953333333333334,0.07155555555555555,0.0,0.0,0.0,0.0,0.0,0.0,0,0,0
single_change,iwrr,IWRR,2,15,0,0,3.0285933333333332,0.11296563615711186,2.9211,3.1456,15.039333333333333,3.1888229280828164,14.821,19.4296,21.32352,0.0,0.0,0.0,0.019813333333333336,0.0743,0.0,15.828333333333333,14.513333333333334,0.0,0.0,3.1452,2.9508555555555556,0.02476666666666667,0.016511111111111112,0.0,0.0,0.0,0.0,0.0,0.0,0,0,0
single_change,iwrr,IWRR,3,15,0,0,3.14512,0.0008072882296394357,3.1435,3.1456,12.802466666666668,3.8676087641307455,13.735,17.864300000000004,19.06886,0.0,0.0,0.0,0.029720000000000003,0.0743,0.0,12.707833333333333,12.865555555555556,0.0,0.0,3.1445666666666665,3.145488888888889,0.03715,0.02476666666666667,0.0,0.0,0.0,0.0,0.0,0.0,0,0,0
single_change,iwrr,IWRR,4,15,0,0,3.0696133333333333,0.10739903475668057,2.9168,3.1456,15.159733333333334,7.676348392178096,13.88,28.538600000000002,30.230919999999998,0.0,0.0,0.0,0.052840000000000005,0.1239,0.0,10.035,18.57622222222222,0.0,0.0,3.1449166666666666,3.0194111111111113,0.04953333333333334,0.055044444444444444,0.0,0.0,0.0,0.0,0.0,0.0,0,0,0
single_change,iwrr,IWRR,5,15,0,0,3.097846666666667,0.09014741789081351,2.9167,3.1456,14.855599999999999,6.2108527916865,15.05,22.809700000000007,29.04753999999999,0.0,0.0,0.0,0.029720000000000003,0.0743,0.0,11.147666666666666,17.327555555555556,0.0,0.0,3.1452333333333335,3.0662555555555557,0.02476666666666667,0.033022222222222224,0.0,0.0,0.0,0.0,0.0,0.0,0,0,0
single_change,iwrr,IWRR,6,15,0,0,3.04204,0.11191150713207038,2.9148,3.1456,16.168133333333333,6.3481973129235305,14.159,29.374100000000002,30.20122,0.0,0.0,0.0,0.026006666666666668,0.0929,0.0,14.479666666666667,17.293777777777777,0.0,0.0,3.1455333333333333,2.9730444444444446,0.02476666666666667,0.026833333333333334,0.0,0.0,0.0,0.0,0.0,0.0,0,0,0
single_change,iwrr,IWRR,7,15,0,0,3.113786666666667,0.07669712107343002,2.9232,3.1456,14.075466666666667,5.969116432182604,14.47,23.669,26.048999999999996,0.0,0.0,0.0,0.04086666666666667,0.0929,0.0,12.904166666666667,14.856333333333334,0.0,0.0,3.1449000000000003,3.0930444444444443,0.03715,0.04334444444444445,0.0,0.0,0.0,0.0,0.0,0.0,0,0,0
single_change,iwrr,IWRR,8,15,0,0,3.0546533333333334,0.11225402230570415,2.9066,3.1456,15.771333333333333,8.022111608963483,13.699,31.5088,33.231359999999995,0.0,0.0,0.0,0.03962666666666667,0.0743,0.0,9.5265,19.934555555555555,0.0,0.0,3.1455333333333333,2.994066666666667,0.03715,0.04127777777777778,0.0,0.0,0.0,0.0,0.0,0.0,0,0,0
single_change,iwrr,IWRR,9,15,0,0,3.1451266666666666,0.0008276184996436417,3.1435,3.1456,12.457133333333333,4.59948594746765,9.563,20.677400000000002,23.224279999999997,0.0,0.0,0.0,0.06274666666666667,0.1239,0.0,14.361166666666666,11.187777777777777,0.0,0.0,3.1445333333333334,3.145522222222222,0.04953333333333334,0.07155555555555555,0.0,0.0,0.0,0.0,0.0,0.0,0,0,0
single_change,iwrr,IWRR,10,15,0,0,3.1455200000000003,5.6061191058076055e-05,3.1454,3.1456,11.035333333333334,4.3330368213572905,12.534,15.559600000000001,15.93032,0.0,0.0,0.0,0.04458,0.0743,0.0,11.0475,11.027222222222223,0.0,0.0,3.145516666666667,3.145522222222222,0.02476666666666667,0.05778888888888889,0.0,0.0,0.0,0.0,0.0,0.0,0,0,0
single_change,iwrr,IWRR,11,15,0,0,3.145366666666667,0.0004980915960897368,3.1436,3.1456,13.7224,6.295539631925356,9.741,24.3872,25.369439999999997,0.0,0.0,0.0,0.052840000000000005,0.1239,0.0,15.3155,12.660333333333334,0.0,0.0,3.1452,3.145477777777778,0.03715,0.06330000000000001,0.0,0.0,0.0,0.0,0.0,0.0,0,0,0
single_change,iwrr,IWRR,12,15,0,0,3.145106666666667,0.000763887301585671,3.1436,3.1455,12.682866666666667,3.512805611853105,12.366,17.444200000000002,18.040039999999998,0.0,0.0,0.0,0.06274666666666667,0.1239,0.0,12.451666666666666,12.837,0.0,0.0,3.14455,3.145477777777778,0.04953333333333334,0.07155555555555555,0.0,0.0,0.0,0.0,0.0,0.0,0,0,0
single_change,iwrr,IWRR,13,15,0,0,3.14502,0.0008046294621927766,3.1435,3.1456,15.2712,3.4853904310913086,15.398,20.197499999999998,20.3515,0.0,0.0,0.0,0.05077333333333334,0.0929,0.0,17.941833333333335,13.490777777777778,0.0,0.0,3.1443333333333334,3.145477777777778,0.06191666666666667,0.04334444444444445,0.0,0.0,0.0,0.0,0.0,0.0,0,0,0
single_change,iwrr,IWRR,14,15,0,0,3.1454933333333335,7.037315505486489e-05,3.1453,3.1456,13.446266666666666,6.525426778234144,9.564,24.949200000000005,28.36744,0.0,0.0,0.0,0.04953333333333334,0.0743,0.0,15.253166666666667,12.241666666666667,0.0,0.0,3.1455333333333333,3.1454666666666666,0.03715,0.05778888888888889,0.0,0.0,0.0,0.0,0.0,0.0,0,0,0
single_change,iwrr,IWRR,15,15,0,0,3.144886666666667,0.0009553358920644418,3.1432,3.1456,14.355133333333333,3.8422189248748784,15.602,19.2951,20.12222,0.0,0.0,0.0,0.057793333333333335,0.1239,0.0,16.378666666666668,13.00611111111111,0.0,0.0,3.1439333333333335,3.145522222222222,0.06191666666666667,0.055044444444444444,0.0,0.0,0.0,0.0,0.0,0.0,0,0,0
single_change,iwrr,IWRR,16,14,0,0,3.0811785714285715,0.10113799543633004,2.9266,3.1456,17.864285714285714,13.699130918130825,14.309000000000001,35.87834999999998,58.82126999999997,0.0,0.0,0.0,0.0053071428571428575,0.0743,0.0,13.635833333333334,21.035625,0.0,0.0,3.14555,3.0329,0.0,0.0092875,0.0,0.0,0.0,0.0,0.0,0.0,0,0,0
single_change,iwrr,IWRR,17,15,0,0,3.0963133333333333,0.09194883566936768,2.9133,3.1456,16.85086666666667,8.390859847533648,15.037,30.0884,30.58568,0.0,0.0,0.0,0.04086666666666667,0.0929,0.0,11.372166666666667,20.503333333333334,0.0,0.0,3.145183333333333,3.0637333333333334,0.03715,0.04334444444444445,0.0,0.0,0.0,0.0,0.0,0.0,0,0,0
single_change,iwrr,IWRR,18,15,0,0,3.14502,0.0008213229745791142,3.1435,3.1456,13.179533333333334,5.504641546220876,9.562,21.428100000000004,23.369619999999998,0.0,0.0,0.0,0.06770000000000001,0.1239,0.0,18.732666666666667,9.477444444444444,0.0,0.0,3.14435,3.1454666666666666,0.04953333333333334,0.07981111111111111,0.0,0.0,0.0,0.0,0.0,0.0,0,0,0
single_change,iwrr,IWRR,19,15,0,0,3.145106666666667,0.0008004165582161821,3.1435,3.1456,12.7218,4.067338550663601,13.266,18.0713,18.35746,0.0,0.0,0.0,0.06770000000000001,0.1239,0.0,12.254666666666665,13.033222222222221,0.0,0.0,3.144566666666667,3.1454666666666666,0.06191666666666667,0.07155555555555555,0.0,0.0,0.0,0.0,0.0,0.0,0,0,0
single_change,iwrr,IWRR,20,15,0,0,3.0420333333333334,0.11151907374760522,2.9167,3.1455,11.998933333333333,6.293421252916943,11.668,19.711400000000012,28.39587999999999,0.0,0.0,0.0,0.034673333333333334,0.0743,0.0,7.1545000000000005,15.228555555555555,0.0,0.0,3.144816666666667,2.973511111111111,0.0743,0.008255555555555556,0.0,0.0,0.0,0.0,0.0,0.0,0,0,0
single_change,wlc,WLC,1,15,0,0,2.9548200000000002,0.1961146647099235,2.7068,3.1456,20.7052,7.2432175092091695,17.281,33.168200000000006,39.980039999999995,0.0,0.0,0.0,0.04293333333333334,0.1239,0.0,18.044333333333334,22.479111111111113,0.0,0.0,3.1442,2.8285666666666667,0.06191666666666667,0.03027777777777778,0.0,0.0,0.0,0.0,0.0,0.0,0,0,0
single_change,wlc,WLC,2,15,0,0,2.9985666666666666,0.17435144993729787,2.716,3.1456,20.751933333333334,8.746439916304452,18.768,40.2053,43.68906,0.0,0.0,0.0,0.03962666666666667,0.0743,0.0,18.082666666666668,22.531444444444446,0.0,0.0,3.1439666666666666,2.9016333333333333,0.0743,0.016511111111111112,0.0,0.0,0.0,0.0,0.0,0.0,0,0,0
single_change,wlc,WLC,3,15,0,0,3.03728,0.17673608330744783,2.6116,3.1456,14.6208,3.8360459404369562,14.867,19.3435,20.035099999999996,0.0,0.0,0.0,0.034673333333333334,0.0743,0.0,11.117833333333333,16.95611111111111,0.0,0.0,3.145166666666667,2.9653555555555555,0.03715,0.033022222222222224,0.0,0.0,0.0,0.0,0.0,0.0,0,0,0
single_change,wlc,WLC,4,15,0,0,2.922286666666667,0.20764200258641127,2.6112,3.1456,17.103733333333334,1.761479551264734,17.269,19.2148,19.34696,0.0,0.0,0.0,0.02476666666666667,0.0743,0.0,17.720666666666666,16.692444444444444,0.0,0.0,3.144066666666667,2.7744333333333335,0.06191666666666667,0.0,0.0,0.0,0.0,0.0,0.0,0.0,0,0,0
single_change,wlc,WLC,5,15,0,0,2.9515266666666666,0.18138764514024605,2.7074,3.1456,17.085466666666665,8.849012332835041,16.443,35.4076,37.575919999999996,0.0,0.0,0.0,0.02476666666666667,0.0743,0.0,11.033833333333334,21.119888888888887,0.0,0.0,3.1449,2.822611111111111,0.03715,0.016511111111111112,0.0,0.0,0.0,0.0,0.0,0.0,0,0,0
single_change,wlc,WLC,6,15,0,0,2.90748,0.21480452309683137,2.6111,3.1456,17.010133333333332,7.176707859125805,16.364,29.722100000000008,37.19641999999999,0.0,0.0,0.0,0.02476666666666667,0.0743,0.0,12.257833333333334,20.17833333333333,0.0,0.0,3.145516666666667,2.748788888888889,0.03715,0.016511111111111112,0.0,0.0,0.0,0.0,0.0,0.0,0,0,0
single_change,wlc,WLC,7,15,0,0,2.8874733333333333,0.23272093793292636,2.4964,3.1456,15.9864,3.937029387749093,16.453,21.0558,23.17036,0.0,0.0,0.0,0.004953333333333334,0.0743,0.0,14.230833333333333,17.156777777777776,0.0,0.0,3.145566666666667,2.715411111111111,0.012383333333333335,0.0,0.0,0.0,0.0,0.0,0.0,0.0,0,0,0
single_change,wlc,WLC,8,15,0,0,2.95866,0.1913525123953172,2.6121,3.1455,23.787399999999998,27.812587922942885,17.331,50.737000000000066,109.13939999999994,0.0,0.0,0.0,0.029720000000000003,0.0743,0.0,16.234833333333334,28.822444444444443,0.0,0.0,3.1439166666666667,2.8351555555555557,0.0743,0.0,0.0,0.0,0.0,0.0,0.0,0.0,0,0,0
single_change,wlc,WLC,9,14,0,0,2.928407142857143,0.2059163028786425,2.7128,3.1456,18.206857142857142,11.284157566164254,16.382,38.92589999999999,48.70917999999999,0.0,0.0,0.0,0.02122857142857143,0.0743,0.0,14.580666666666668,20.9265,0.0,0.0,3.14515,2.76585,0.03715,0.0092875,0.0,0.0,0.0,0.0,0.0,0.0,0,0,0
single_change,wlc,WLC,10,15,0,0,2.9547133333333333,0.19694379497956366,2.7159,3.1455,15.7054,6.180623891300479,15.872,23.81600000000001,30.75439999999999,0.0,0.0,0.0,0.034673333333333334,0.0743,0.0,12.486833333333333,17.85111111111111,0.0,0.0,3.1448,2.827988888888889,0.04953333333333334,0.02476666666666667,0.0,0.0,0.0,0.0,0.0,0.0,0,0,0
single_change,wlc,WLC,11,15,0,0,2.922006666666667,0.22176773714428175,2.6116,3.1455,17.4108,5.267803814548471,16.837,25.862500000000008,32.18769999999999,0.0,0.0,0.0,0.02512,0.0796,0.0,15.165166666666666,18.907888888888888,0.0,0.0,3.144816666666667,2.7734666666666667,0.02476666666666667,0.025355555555555558,0.0,0.0,0.0,0.0,0.0,0.0,0,0,0
single_change,wlc,WLC,12,15,0,0,2.9081133333333336,0.21394587722354547,2.6134,3.1456,16.519733333333335,7.520412740066357,15.701,25.747900000000016,37.750379999999986,0.0,0.0,0.0,0.019813333333333336,0.0743,0.0,12.905333333333333,18.929333333333332,0.0,0.0,3.14485,2.750288888888889,0.03715,0.008255555555555556,0.0,0.0,0.0,0.0,0.0,0.0,0,0,0
single_change,wlc,WLC,13,15,0,0,2.9547733333333333,0.19616939278762804,2.7172,3.1456,16.3848,4.646841234337887,17.029,21.209500000000002,24.706699999999998,0.0,0.0,0.0,0.03543333333333334,0.0857,0.0,14.759333333333332,17.468444444444444,0.0,0.0,3.14425,2.8284555555555557,0.04953333333333334,0.026033333333333335,0.0,0.0,0.0,0.0,0.0,0.0,0,0,0
single_change,wlc,WLC,14,15,0,0,2.94824,0.2051126721724289,2.6107,3.1456,20.756933333333333,12.175139837663743,17.079,43.10010000000002,56.728819999999985,0.0,0.0,0.0,0.02476666666666667,0.0743,0.0,16.205166666666667,23.791444444444444,0.0,0.0,3.144216666666667,2.817588888888889,0.04953333333333334,0.008255555555555556,0.0,0.0,0.0,0.0,0.0,0.0,0,0,0
single_change,wlc,WLC,15,15,0,0,2.9228733333333334,0.22201483691304016,2.6122,3.1455,16.719466666666666,2.8761916751810803,17.037,20.5408,21.47936,0.0,0.0,0.0,0.02476666666666667,0.0743,0.0,15.8285,17.313444444444443,0.0,0.0,3.144233333333333,2.7753,0.04953333333333334,0.008255555555555556,0.0,0.0,0.0,0.0,0.0,0.0,0,0,0
single_change,wlc,WLC,16,15,0,0,2.92526,0.19881315276984507,2.7125,3.1456,19.3146,5.8268459956603325,17.461,28.107900000000008,36.89037999999999,0.0,0.0,0.0,0.014860000000000002,0.0743,0.0,19.6495,19.09133333333333,0.0,0.0,3.14495,2.7788,0.02476666666666667,0.008255555555555556,0.0,0.0,0.0,0.0,0.0,0.0,0,0,0
single_change,wlc,WLC,17,15,0,0,2.9542866666666665,0.21151110023781156,2.7146,3.1455,16.13693333333333,4.600620213882141,16.345,22.162000000000006,25.600399999999997,0.0,0.0,0.0,0.02476666666666667,0.0743,0.0,13.859333333333334,17.65533333333333,0.0,0.0,3.1445000000000003,2.8274777777777778,0.03715,0.016511111111111112,0.0,0.0,0.0,0.0,0.0,0.0,0,0,0
single_change,wlc,WLC,18,15,0,0,2.9653733333333334,0.1964805169064086,2.6112,3.1456,17.3756,6.915371488833513,15.99,31.539600000000004,34.18391999999999,0.0,0.0,0.0,0.029720000000000003,0.0743,0.0,16.718833333333333,17.813444444444446,0.0,0.0,3.1445333333333334,2.8459333333333334,0.03715,0.02476666666666667,0.0,0.0,0.0,0.0,0.0,0.0,0,0,0
single_change,wlc,WLC,19,15,0,0,2.923486666666667,0.22232427046567646,2.6115,3.1456,14.5512,4.22543829003065,16.074,18.863200000000003,20.948639999999997,0.0,0.0,0.0,0.03647333333333334,0.1013,0.0,11.096333333333334,16.854444444444443,0.0,0.0,3.1454333333333335,2.775522222222222,0.06191666666666667,0.01951111111111111,0.0,0.0,0.0,0.0,0.0,0.0,0,0,0
single_change,wlc,WLC,20,15,0,0,2.93912,0.19011486077030987,2.7144,3.1455,17.103666666666665,4.053130389264692,16.999,22.50830000000001,27.644059999999996,0.0,0.0,0.0,0.029720000000000003,0.0743,0.0,15.858666666666668,17.933666666666667,0.0,0.0,3.14425,2.8023666666666665,0.06191666666666667,0.008255555555555556,0.0,0.0,0.0,0.0,0.0,0.0,0,0,0
frequent_changes,saintelague,Sainte-Lague,1,19,0,0,3.0463263157894738,0.11195408206594379,2.9098,3.1455,21.405947368421053,7.900328568931549,19.427,36.0441,36.260819999999995,0.0,0.0,0.0,0.05866842105263158,0.3717,0.0,21.405947368421053,21.405947368421053,0.0,0.0,0.0,0.0,0.0,0.0,0.0,0.0,0.0,0.0,0.0,0.0,0,0,0
frequent_changes,saintelague,Sainte-Lague,2,19,0,0,3.026057894736842,0.11254426445620545,2.9143,3.1456,16.79305263157895,6.098972577170358,16.086,28.547400000000007,32.423880000000004,0.0,0.0,0.0,0.01955263157894737,0.0743,0.0,16.79305263157895,16.79305263157895,0.0,0.0,0.0,0.0,0.0,0.0,0.0,0.0,0.0,0.0,0.0,0.0,0,0,0
frequent_changes,saintelague,Sainte-Lague,3,17,0,0,3.0751176470588235,0.10384042586641126,2.9098,3.1456,19.246235294117646,9.170597809912747,18.882,32.791199999999996,36.324639999999995,0.0,0.0,0.0,0.037158823529411765,0.1859,0.0,19.246235294117646,19.246235294117646,0.0,0.0,0.0,0.0,0.0,0.0,0.0,0.0,0.0,0.0,0.0,0.0,0,0,0
frequent_changes,saintelague,Sainte-Lague,4,19,0,0,3.025894736842105,0.11482156917817318,2.9098,3.1456,17.633105263157894,7.51199670819015,16.647,35.255,36.4574,0.0,0.0,0.0,0.015642105263157895,0.0743,0.0,17.633105263157894,17.633105263157894,0.0,0.0,0.0,0.0,0.0,0.0,0.0,0.0,0.0,0.0,0.0,0.0,0,0,0
frequent_changes,saintelague,Sainte-Lague,5,19,0,0,3.046442105263158,0.11240900179349748,2.91,3.1456,17.163473684210526,8.950444820531553,17.467,35.472300000000004,36.80646,0.0,0.0,0.0,0.04693684210526316,0.3717,0.0,17.163473684210526,17.163473684210526,0.0,0.0,0.0,0.0,0.0,0.0,0.0,0.0,0.0,0.0,0.0,0.0,0,0,0
frequent_changes,saintelague,Sainte-Lague,6,18,0,0,2.830811111111111,0.7142824922205573,0.0,3.1437,22.476764705882353,8.289198246282718,19.892,38.10379999999999,40.170359999999995,0.0,0.0,0.0,0.03715,0.0743,0.0,22.476764705882353,22.476764705882353,0.0,0.0,0.0,0.0,0.0,0.0,0.0,0.0,0.0,0.0,0.0,0.0,0,0,0
frequent_changes,saintelague,Sainte-Lague,7,17,0,0,2.8931705882352943,0.7523712653709487,0.0,3.1455,16.311625,6.121007519191592,15.675,25.450499999999998,30.347699999999996,0.0,0.0,0.0,0.026223529411764708,0.0743,0.0,16.311625,16.311625,0.0,0.0,0.0,0.0,0.0,0.0,0.0,0.0,0.0,0.0,0.0,0.0,0,0,0
frequent_changes,saintelague,Sainte-Lague,8,19,0,0,3.059405263157895,0.11017798466160815,2.9096,3.1456,20.276,6.883501579864713,18.378,32.8681,34.50322,0.0,0.0,0.0,0.043015789473684216,0.0743,0.0,20.276,20.276,0.0,0.0,0.0,0.0,0.0,0.0,0.0,0.0,0.0,0.0,0.0,0.0,0,0,0
frequent_changes,saintelague,Sainte-Lague,9,17,0,0,3.0386294117647057,0.11372597968750306,2.914,3.1456,17.636529411764705,8.501987136235028,17.884,29.099399999999992,36.64628,0.0,0.0,0.0,0.0352764705882353,0.0796,0.0,17.636529411764705,17.636529411764705,0.0,0.0,0.0,0.0,0.0,0.0,0.0,0.0,0.0,0.0,0.0,0.0,0,0,0
frequent_changes,saintelague,Sainte-Lague,10,18,0,0,2.8956833333333334,0.7299718836245358,0.0,3.1456,15.299,4.196461723881203,16.512,19.4016,19.68512,0.0,0.0,0.0,0.02063888888888889,0.0743,0.0,15.299,15.299,0.0,0.0,0.0,0.0,0.0,0.0,0.0,0.0,0.0,0.0,0.0,0.0,0,0,0
frequent_changes,saintelague,Sainte-Lague,11,19,0,0,3.015036842105263,0.1116514129408845,2.9108,3.1456,18.504105263157896,6.480387247471634,17.52,29.8687,30.79534,0.0,0.0,0.0,0.04302631578947368,0.3717,0.0,18.504105263157896,18.504105263157896,0.0,0.0,0.0,0.0,0.0,0.0,0.0,0.0,0.0,0.0,0.0,0.0,0,0,0
frequent_changes,saintelague,Sainte-Lague,12,19,0,0,3.037342105263158,0.11353651549557613,2.9098,3.1456,18.750842105263157,8.750596432136991,15.182,35.2487,36.70814,0.0,0.0,0.0,0.04721578947368421,0.3717,0.0,18.750842105263157,18.750842105263157,0.0,0.0,0.0,0.0,0.0,0.0,0.0,0.0,0.0,0.0,0.0,0.0,0,0,0
frequent_changes,saintelague,Sainte-Lague,13,19,0,0,3.0497105263157893,0.11071361902944232,2.9123,3.1456,17.943736842105263,5.221636065897197,16.265,27.579900000000002,29.79678,0.0,0.0,0.0,0.050847368421052634,0.3717,0.0,17.943736842105263,17.943736842105263,0.0,0.0,0.0,0.0,0.0,0.0,0.0,0.0,0.0,0.0,0.0,0.0,0,0,0
frequent_changes,saintelague,Sainte-Lague,14,19,0,0,3.0502263157894736,0.1090247466409207,2.922,3.1456,18.60142105263158,9.593425597864112,17.814,29.201900000000037,48.77798000000001,0.0,0.0,0.0,0.023463157894736842,0.0743,0.0,18.60142105263158,18.60142105263158,0.0,0.0,0.0,0.0,0.0,0.0,0.0,0.0,0.0,0.0,0.0,0.0,0,0,0
frequent_changes,saintelague,Sainte-Lague,15,19,0,0,3.0141,0.11024432966017904,2.9098,3.1456,18.436894736842106,5.549444816022759,17.553,25.692100000000018,34.78642000000001,0.0,0.0,0.0,0.03520526315789474,0.3717,0.0,18.436894736842106,18.436894736842106,0.0,0.0,0.0,0.0,0.0,0.0,0.0,0.0,0.0,0.0,0.0,0.0,0,0,0
frequent_changes,saintelague,Sainte-Lague,16,18,0,0,3.081961111111111,0.10093841534723268,2.9168,3.1456,13.543166666666666,6.844151648971379,12.6735,26.515349999999994,29.54066999999999,0.0,0.0,0.0,0.02476666666666667,0.0743,0.0,13.543166666666666,13.543166666666666,0.0,0.0,0.0,0.0,0.0,0.0,0.0,0.0,0.0,0.0,0.0,0.0,0,0,0
frequent_changes,saintelague,Sainte-Lague,17,19,0,0,3.011857894736842,0.11188038412017177,2.9125,3.1445,20.397684210526315,5.747480066686536,19.846,29.077700000000007,32.42354,0.0,0.0,0.0,0.027373684210526317,0.0743,0.0,20.397684210526315,20.397684210526315,0.0,0.0,0.0,0.0,0.0,0.0,0.0,0.0,0.0,0.0,0.0,0.0,0,0,0
frequent_changes,saintelague,Sainte-Lague,18,16,0,0,2.10488125,1.468310590766931,0.0,3.1456,16.503818181818183,5.900210942299975,15.454,25.375,29.949400000000004,0.0,0.0,0.0,0.013931250000000001,0.0743,0.0,16.503818181818183,16.503818181818183,0.0,0.0,0.0,0.0,0.0,0.0,0.0,0.0,0.0,0.0,0.0,0.0,0,0,0
frequent_changes,saintelague,Sainte-Lague,19,17,0,0,3.1044823529411767,0.08567429774510937,2.9228,3.1456,17.29276470588235,8.241720849809004,15.951,34.47259999999999,38.900119999999994,0.0,0.0,0.0,0.026223529411764708,0.0743,0.0,17.29276470588235,17.29276470588235,0.0,0.0,0.0,0.0,0.0,0.0,0.0,0.0,0.0,0.0,0.0,0.0,0,0,0
frequent_changes,saintelague,Sainte-Lague,20,19,0,0,3.0378894736842104,0.1130524553506854,2.9133,3.1456,19.25357894736842,14.130828918502147,17.68,37.10880000000005,63.38736,0.0,0.0,0.0,0.023463157894736842,0.0743,0.0,19.25357894736842,19.25357894736842,0.0,0.0,0.0,0.0,0.0,0.0,0.0,0.0,0.0,0.0,0.0,0.0,0,0,0
frequent_changes,wrr,WRR,1,18,0,0,3.1191222222222224,0.07127957842645814,2.9222,3.1456,16.240333333333332,4.164994385985906,16.099,21.141499999999994,24.031499999999994,0.0,0.0,0.0,0.04127777777777778,0.0743,0.0,16.240333333333332,16.240333333333332,0.0,0.0,0.0,0.0,0.0,0.0,0.0,0.0,0.0,0.0,0.0,0.0,0,0,0
frequent_changes,wrr,WRR,2,18,0,0,3.0951166666666667,0.09437025484759488,2.9215,3.1456,17.638333333333332,4.0385044552772404,19.267,22.03875,22.327749999999998,0.0,0.0,0.0,0.05366111111111112,0.0743,0.0,17.638333333333332,17.638333333333332,0.0,0.0,0.0,0.0,0.0,0.0,0.0,0.0,0.0,0.0,0.0,0.0,0,0,0
frequent_changes,wrr,WRR,3,18,0,0,3.1193444444444447,0.07046391001341815,2.9227,3.1456,17.411944444444444,5.316938642315124,18.7605,23.674349999999986,29.990869999999983,0.0,0.0,0.0,0.04540555555555556,0.0743,0.0,17.411944444444444,17.411944444444444,0.0,0.0,0.0,0.0,0.0,0.0,0.0,0.0,0.0,0.0,0.0,0.0,0,0,0
frequent_changes,wrr,WRR,4,19,0,0,3.1089,0.08266229155089065,2.9199,3.1456,17.196052631578947,7.698279876221153,16.818,34.2971,34.672219999999996,0.0,0.0,0.0,0.06257894736842105,0.3717,0.0,17.196052631578947,17.196052631578947,0.0,0.0,0.0,0.0,0.0,0.0,0.0,0.0,0.0,0.0,0.0,0.0,0,0,0
frequent_changes,wrr,WRR,5,18,0,0,3.0957444444444446,0.09294325417550237,2.9244,3.1456,16.203555555555557,4.301532165091906,17.369999999999997,20.392599999999998,20.44972,0.0,0.0,0.0,0.04953333333333334,0.0743,0.0,16.203555555555557,16.203555555555557,0.0,0.0,0.0,0.0,0.0,0.0,0.0,0.0,0.0,0.0,0.0,0.0,0,0,0
frequent_changes,wrr,WRR,6,18,0,0,3.1053555555555556,0.08620737802615147,2.9098,3.1456,19.87827777777778,5.751553813643913,19.3455,27.969349999999984,35.25146999999998,0.0,0.0,0.0,0.06054444444444445,0.1239,0.0,19.87827777777778,19.87827777777778,0.0,0.0,0.0,0.0,0.0,0.0,0.0,0.0,0.0,0.0,0.0,0.0,0,0,0
frequent_changes,wrr,WRR,7,17,0,0,3.1298823529411766,0.055233484356119085,2.9162,3.1456,20.25605882352941,9.880939583805961,18.965,37.66899999999999,45.7234,0.0,0.0,0.0,0.061188235294117654,0.0743,0.0,20.25605882352941,20.25605882352941,0.0,0.0,0.0,0.0,0.0,0.0,0.0,0.0,0.0,0.0,0.0,0.0,0,0,0
frequent_changes,wrr,WRR,8,19,0,0,3.1090736842105264,0.08294885868952472,2.9203,3.1456,17.475052631578947,9.89805428957117,16.485,27.05160000000004,46.21512000000001,0.0,0.0,0.0,0.05475789473684211,0.3717,0.0,17.475052631578947,17.475052631578947,0.0,0.0,0.0,0.0,0.0,0.0,0.0,0.0,0.0,0.0,0.0,0.0,0,0,0
frequent_changes,wrr,WRR,9,15,0,0,2.8761933333333336,0.8019138228251806,0.0,3.1456,15.946214285714285,2.990348299203531,16.439,19.46305,19.662209999999998,0.0,0.0,0.0,0.034673333333333334,0.0743,0.0,15.946214285714285,15.946214285714285,0.0,0.0,0.0,0.0,0.0,0.0,0.0,0.0,0.0,0.0,0.0,0.0,0,0,0
frequent_changes,wrr,WRR,10,18,0,0,3.0954333333333333,0.09432680986243273,2.9221,3.1456,17.577222222222222,4.553913282332738,18.523,21.310799999999997,23.821359999999995,0.0,0.0,0.0,0.04540555555555556,0.0743,0.0,17.577222222222222,17.577222222222222,0.0,0.0,0.0,0.0,0.0,0.0,0.0,0.0,0.0,0.0,0.0,0.0,0,0,0
frequent_changes,wrr,WRR,11,18,0,0,3.105688888888889,0.08764931387194212,2.9095,3.1455,21.510277777777777,6.78548954240336,19.570999999999998,36.61545,36.71269,0.0,0.0,0.0,0.06191666666666667,0.0743,0.0,21.510277777777777,21.510277777777777,0.0,0.0,0.0,0.0,0.0,0.0,0.0,0.0,0.0,0.0,0.0,0.0,0,0,0
frequent_changes,wrr,WRR,12,18,0,0,3.0945,0.0956331901529147,2.9086,3.1455,17.219444444444445,6.708185396980427,16.5555,23.712949999999978,34.234589999999976,0.0,0.0,0.0,0.04127777777777778,0.0743,0.0,17.219444444444445,17.219444444444445,0.0,0.0,0.0,0.0,0.0,0.0,0.0,0.0,0.0,0.0,0.0,0.0,0,0,0
frequent_changes,wrr,WRR,13,19,0,0,3.097684210526316,0.09404216113092809,2.9096,3.1456,17.387052631578946,10.724153483679748,14.271,38.02460000000002,49.563320000000004,0.0,0.0,0.0,0.05866842105263158,0.3717,0.0,17.387052631578946,17.387052631578946,0.0,0.0,0.0,0.0,0.0,0.0,0.0,0.0,0.0,0.0,0.0,0.0,0,0,0
frequent_changes,wrr,WRR,14,18,0,0,3.1192888888888888,0.07351839216772979,2.9097,3.1456,19.13661111111111,11.02553962472313,17.8465,39.44394999999997,52.03278999999997,0.0,0.0,0.0,0.05778888888888889,0.0743,0.0,19.13661111111111,19.13661111111111,0.0,0.0,0.0,0.0,0.0,0.0,0.0,0.0,0.0,0.0,0.0,0.0,0,0,0
frequent_changes,wrr,WRR,15,18,0,0,3.0920944444444443,0.09814756280706782,2.9075,3.1456,18.87322222222222,8.689046881702176,17.4635,37.06635,37.23567,0.0,0.0,0.0,0.04953333333333334,0.0743,0.0,18.87322222222222,18.87322222222222,0.0,0.0,0.0,0.0,0.0,0.0,0.0,0.0,0.0,0.0,0.0,0.0,0,0,0
frequent_changes,wrr,WRR,16,18,0,0,3.095827777777778,0.0938360949337636,2.9221,3.1456,17.009055555555555,5.193969823376316,17.566,22.669299999999982,30.46345999999998,0.0,0.0,0.0,0.04540555555555556,0.0743,0.0,17.009055555555555,17.009055555555555,0.0,0.0,0.0,0.0,0.0,0.0,0.0,0.0,0.0,0.0,0.0,0.0,0,0,0
frequent_changes,wrr,WRR,17,18,0,0,3.1072611111111113,0.08571911132152292,2.9116,3.1455,16.165944444444445,7.150084322597982,17.668999999999997,22.76684999999998,33.14296999999998,0.0,0.0,0.0,0.06604444444444445,0.0743,0.0,16.165944444444445,16.165944444444445,0.0,0.0,0.0,0.0,0.0,0.0,0.0,0.0,0.0,0.0,0.0,0.0,0,0,0
frequent_changes,wrr,WRR,18,18,0,0,3.1074333333333333,0.08614596368271424,2.9113,3.1456,16.69688888888889,7.927372065778233,15.788499999999999,33.4419,34.68358,0.0,0.0,0.0,0.04953333333333334,0.0743,0.0,16.69688888888889,16.69688888888889,0.0,0.0,0.0,0.0,0.0,0.0,0.0,0.0,0.0,0.0,0.0,0.0,0,0,0
frequent_changes,wrr,WRR,19,18,0,0,3.1071222222222223,0.08447191357490685,2.9235,3.1456,17.240166666666667,4.555756930070167,18.5775,20.98874999999999,25.35774999999999,0.0,0.0,0.0,0.04953333333333334,0.0743,0.0,17.240166666666667,17.240166666666667,0.0,0.0,0.0,0.0,0.0,0.0,0.0,0.0,0.0,0.0,0.0,0.0,0,0,0
frequent_changes,wrr,WRR,20,18,0,0,3.0936333333333335,0.09694821540692869,2.9085,3.1455,20.238888888888887,6.908835348253788,18.598,35.3018,37.145959999999995,0.0,0.0,0.0,0.05366111111111112,0.0743,0.0,20.238888888888887,20.238888888888887,0.0,0.0,0.0,0.0,0.0,0.0,0.0,0.0,0.0,0.0,0.0,0.0,0,0,0
frequent_changes,iwrr,IWRR,1,14,0,0,3.1118714285714284,0.07856107304385683,2.9265,3.1456,15.498357142857143,5.036943939260468,15.383500000000002,21.62885,24.660969999999995,0.0,0.0,0.0,0.04776428571428572,0.0743,0.0,15.498357142857143,15.498357142857143,0.0,0.0,0.0,0.0,0.0,0.0,0.0,0.0,0.0,0.0,0.0,0.0,0,0,0
frequent_changes,iwrr,IWRR,2,18,0,0,3.0949555555555555,0.0934958899519572,2.9222,3.1456,15.921333333333333,4.427719583022659,15.433,23.81855,24.319709999999997,0.0,0.0,0.0,0.04231111111111111,0.0929,0.0,15.921333333333333,15.921333333333333,0.0,0.0,0.0,0.0,0.0,0.0,0.0,0.0,0.0,0.0,0.0,0.0,0,0,0
frequent_changes,iwrr,IWRR,3,18,0,0,3.1449722222222225,0.0008790406238056831,3.1435,3.1456,11.936444444444444,3.965617068253835,11.025500000000001,18.23445,18.998089999999998,0.0,0.0,0.0,0.06191666666666667,0.0743,0.0,11.936444444444444,11.936444444444444,0.0,0.0,0.0,0.0,0.0,0.0,0.0,0.0,0.0,0.0,0.0,0.0,0,0,0
frequent_changes,iwrr,IWRR,4,18,0,0,3.131038888888889,0.050815967139668496,2.9285,3.1456,14.406277777777778,4.638063259664921,14.371,21.36179999999999,24.729159999999993,0.0,0.0,0.0,0.02476666666666667,0.0743,0.0,14.406277777777778,14.406277777777778,0.0,0.0,0.0,0.0,0.0,0.0,0.0,0.0,0.0,0.0,0.0,0.0,0,0,0
frequent_changes,iwrr,IWRR,5,18,0,0,3.144488888888889,0.0013507683603781874,3.1413,3.1456,13.231388888888889,5.155935290732636,13.8535,19.9377,20.09954,0.0,0.0,0.0,0.05366111111111112,0.0743,0.0,13.231388888888889,13.231388888888889,0.0,0.0,0.0,0.0,0.0,0.0,0.0,0.0,0.0,0.0,0.0,0.0,0,0,0
frequent_changes,iwrr,IWRR,6,19,0,0,3.119815789473684,0.06782680773818875,2.9262,3.1456,15.698684210526315,3.9235740941792625,16.047,20.193100000000005,22.00102,0.0,0.0,0.0,0.043015789473684216,0.0743,0.0,15.698684210526315,15.698684210526315,0.0,0.0,0.0,0.0,0.0,0.0,0.0,0.0,0.0,0.0,0.0,0.0,0,0,0
frequent_changes,iwrr,IWRR,7,19,0,0,3.119457894736842,0.06934473716944507,2.9175,3.1456,14.149,4.983451893795883,14.157,21.9157,22.71994,0.0,0.0,0.0,0.050847368421052634,0.3717,0.0,14.149,14.149,0.0,0.0,0.0,0.0,0.0,0.0,0.0,0.0,0.0,0.0,0.0,0.0,0,0,0
frequent_changes,iwrr,IWRR,8,19,0,0,3.1448526315789476,0.0017743131444316448,3.1396,3.1456,12.545684210526316,3.572575931121091,13.534,16.7368,16.87936,0.0,0.0,0.0,0.06257894736842105,0.3717,0.0,12.545684210526316,12.545684210526316,0.0,0.0,0.0,0.0,0.0,0.0,0.0,0.0,0.0,0.0,0.0,0.0,0,0,0
frequent_changes,iwrr,IWRR,9,19,0,0,3.108657894736842,0.0820930658581363,2.9161,3.1456,15.557105263157895,4.865064678052844,14.414,22.557800000000015,28.489160000000005,0.0,0.0,0.0,0.05475789473684211,0.3717,0.0,15.557105263157895,15.557105263157895,0.0,0.0,0.0,0.0,0.0,0.0,0.0,0.0,0.0,0.0,0.0,0.0,0,0,0
frequent_changes,iwrr,IWRR,10,19,0,0,3.1447526315789474,0.0017541596345236063,3.1382,3.1456,14.428052631578947,5.345612317838956,14.14,20.362100000000012,27.70682,0.0,0.0,0.0,0.06257894736842105,0.3717,0.0,14.428052631578947,14.428052631578947,0.0,0.0,0.0,0.0,0.0,0.0,0.0,0.0,0.0,0.0,0.0,0.0,0,0,0
frequent_changes,iwrr,IWRR,11,14,0,0,2.471107142857143,1.339208711524077,0.0,3.1456,14.565090909090909,3.3481716041608576,13.396,18.8185,19.3965,0.0,0.0,0.0,0.026535714285714287,0.0743,0.0,14.565090909090909,14.565090909090909,0.0,0.0,0.0,0.0,0.0,0.0,0.0,0.0,0.0,0.0,0.0,0.0,0,0,0
frequent_changes,iwrr,IWRR,12,15,0,0,2.3067266666666666,1.439830606835732,0.0,3.1456,14.77590909090909,6.153783558991094,15.193,23.09,27.268400000000003,0.0,0.0,0.0,0.02476666666666667,0.0743,0.0,14.77590909090909,14.77590909090909,0.0,0.0,0.0,0.0,0.0,0.0,0.0,0.0,0.0,0.0,0.0,0.0,0,0,0
frequent_changes,iwrr,IWRR,13,18,0,0,3.119277777777778,0.07403202451368449,2.9147,3.1455,18.864333333333335,9.576698811054207,16.826500000000003,32.93804999999997,46.37960999999997,0.0,0.0,0.0,0.05366111111111112,0.0743,0.0,18.864333333333335,18.864333333333335,0.0,0.0,0.0,0.0,0.0,0.0,0.0,0.0,0.0,0.0,0.0,0.0,0,0,0
frequent_changes,iwrr,IWRR,14,19,0,0,3.1323578947368422,0.05014328708577135,2.9255,3.1455,14.22621052631579,5.258200701749891,15.647,19.73,20.7884,0.0,0.0,0.0,0.050847368421052634,0.3717,0.0,14.22621052631579,14.22621052631579,0.0,0.0,0.0,0.0,0.0,0.0,0.0,0.0,0.0,0.0,0.0,0.0,0,0,0
frequent_changes,iwrr,IWRR,15,19,0,0,3.0965,0.0923610126983603,2.9166,3.1456,17.638578947368423,5.501567163755246,15.537,30.0906,30.11652,0.0,0.0,0.0,0.05475789473684211,0.3717,0.0,17.638578947368423,17.638578947368423,0.0,0.0,0.0,0.0,0.0,0.0,0.0,0.0,0.0,0.0,0.0,0.0,0,0,0
frequent_changes,iwrr,IWRR,16,19,0,0,3.121726315789474,0.0695276191492374,2.9214,3.1456,13.969894736842106,2.6716731523052246,13.646,18.546599999999998,19.20612,0.0,0.0,0.0,0.05475789473684211,0.3717,0.0,13.969894736842106,13.969894736842106,0.0,0.0,0.0,0.0,0.0,0.0,0.0,0.0,0.0,0.0,0.0,0.0,0,0,0
frequent_changes,iwrr,IWRR,17,19,0,0,3.119473684210526,0.06690488972418865,2.9281,3.1456,14.394842105263159,5.962753393294055,14.898,22.68180000000001,27.26676,0.0,0.0,0.0,0.03910526315789474,0.0743,0.0,14.394842105263159,14.394842105263159,0.0,0.0,0.0,0.0,0.0,0.0,0.0,0.0,0.0,0.0,0.0,0.0,0,0,0
frequent_changes,iwrr,IWRR,18,19,0,0,2.9788526315789476,0.7213647685451832,0.0,3.1456,14.265555555555556,4.284351488055411,14.576,20.54945,20.905089999999998,0.0,0.0,0.0,0.043015789473684216,0.0743,0.0,14.265555555555556,14.265555555555556,0.0,0.0,0.0,0.0,0.0,0.0,0.0,0.0,0.0,0.0,0.0,0.0,0,0,0
frequent_changes,iwrr,IWRR,19,14,0,0,3.1452428571428572,0.0006559951755384724,3.1437,3.1456,13.223785714285714,6.496466485459869,14.137,21.983099999999997,26.156619999999993,0.0,0.0,0.0,0.03715,0.0743,0.0,13.223785714285714,13.223785714285714,0.0,0.0,0.0,0.0,0.0,0.0,0.0,0.0,0.0,0.0,0.0,0.0,0,0,0
frequent_changes,iwrr,IWRR,20,19,0,0,3.110278947368421,0.08136208903515042,2.9267,3.1456,14.598631578947368,3.4855366908686833,14.339,19.3556,19.38872,0.0,0.0,0.0,0.035194736842105265,0.0743,0.0,14.598631578947368,14.598631578947368,0.0,0.0,0.0,0.0,0.0,0.0,0.0,0.0,0.0,0.0,0.0,0.0,0,0,0
frequent_changes,wlc,WLC,1,17,0,0,2.6753411764705883,1.0165802065373541,0.0,3.1456,15.3208,6.106571942236846,13.349,27.1841,28.576819999999998,0.0,0.0,0.0,0.017482352941176473,0.0743,0.0,15.3208,15.3208,0.0,0.0,0.0,0.0,0.0,0.0,0.0,0.0,0.0,0.0,0.0,0.0,0,0,0
frequent_changes,wlc,WLC,2,17,0,0,2.6217470588235297,1.0010685816401685,0.0,3.1456,20.538,8.302450361188557,17.444,32.54990000000001,40.81717999999999,0.0,0.0,0.0,0.03351176470588235,0.1239,0.0,20.538,20.538,0.0,0.0,0.0,0.0,0.0,0.0,0.0,0.0,0.0,0.0,0.0,0.0,0,0,0
frequent_changes,wlc,WLC,3,18,0,0,2.8103833333333332,0.48605156014320855,1.6616,3.1456,18.154,5.532769022724835,16.5075,27.418099999999995,30.242819999999995,0.0,0.0,0.0,0.016511111111111112,0.0743,0.0,18.154,18.154,0.0,0.0,0.0,0.0,0.0,0.0,0.0,0.0,0.0,0.0,0.0,0.0,0,0,0
frequent_changes,wlc,WLC,4,19,0,0,2.6725368421052633,0.6501840476276497,1.0273,3.1455,18.905052631578947,6.155922238640376,17.981,26.8767,26.96814,0.0,0.0,0.0,0.027373684210526317,0.0743,0.0,18.905052631578947,18.905052631578947,0.0,0.0,0.0,0.0,0.0,0.0,0.0,0.0,0.0,0.0,0.0,0.0,0,0,0
frequent_changes,wlc,WLC,5,19,0,0,2.705963157894737,0.6259897409618418,1.025,3.1455,18.810736842105264,4.8897859853429315,17.824,27.063600000000005,29.19912,0.0,0.0,0.0,0.02488421052631579,0.1013,0.0,18.810736842105264,18.810736842105264,0.0,0.0,0.0,0.0,0.0,0.0,0.0,0.0,0.0,0.0,0.0,0.0,0,0,0
frequent_changes,wlc,WLC,6,18,0,0,2.7299777777777776,0.7586364397472734,0.0,3.1456,17.704235294117648,6.405629706841981,16.469,26.94879999999999,36.44576,0.0,0.0,0.0,0.012383333333333335,0.0743,0.0,17.704235294117648,17.704235294117648,0.0,0.0,0.0,0.0,0.0,0.0,0.0,0.0,0.0,0.0,0.0,0.0,0,0,0
frequent_changes,wlc,WLC,7,19,0,0,2.7558105263157895,0.5274753863607043,1.5545,3.1456,18.44426315789474,8.074248261135903,16.763,28.548000000000023,40.6512,0.0,0.0,0.0,0.007821052631578947,0.0743,0.0,18.44426315789474,18.44426315789474,0.0,0.0,0.0,0.0,0.0,0.0,0.0,0.0,0.0,0.0,0.0,0.0,0,0,0
frequent_changes,wlc,WLC,8,19,0,0,2.750573684210526,0.6414710107263922,1.025,3.1455,19.578105263157894,4.78632610086898,18.374,27.165200000000002,28.11704,0.0,0.0,0.0,0.03270526315789474,0.1013,0.0,19.578105263157894,19.578105263157894,0.0,0.0,0.0,0.0,0.0,0.0,0.0,0.0,0.0,0.0,0.0,0.0,0,0,0
frequent_changes,wlc,WLC,9,17,0,0,2.7555941176470586,0.7375554288243259,0.0,3.1456,18.98975,6.674417532639083,17.228,28.0045,39.820899999999995,0.0,0.0,0.0,0.02185294117647059,0.0743,0.0,18.98975,18.98975,0.0,0.0,0.0,0.0,0.0,0.0,0.0,0.0,0.0,0.0,0.0,0.0,0,0,0
frequent_changes,wlc,WLC,10,19,0,0,2.7714157894736844,0.6118768832799598,1.0256,3.1455,20.296473684210525,8.906727927486559,19.945,31.72730000000002,41.161460000000005,0.0,0.0,0.0,0.03575263157894737,0.0796,0.0,20.296473684210525,20.296473684210525,0.0,0.0,0.0,0.0,0.0,0.0,0.0,0.0,0.0,0.0,0.0,0.0,0,0,0
frequent_changes,wlc,WLC,11,19,0,0,2.626184210526316,0.6514286694669715,1.0251,3.1456,21.764,5.553441855682334,21.399,29.2821,29.44842,0.0,0.0,0.0,0.01955263157894737,0.0743,0.0,21.764,21.764,0.0,0.0,0.0,0.0,0.0,0.0,0.0,0.0,0.0,0.0,0.0,0.0,0,0,0
frequent_changes,wlc,WLC,12,19,0,0,2.6602105263157894,0.6463670576509715,1.0252,3.1456,19.41478947368421,6.689901806113345,17.202,28.032900000000005,30.681780000000003,0.0,0.0,0.0,0.023463157894736842,0.0743,0.0,19.41478947368421,19.41478947368421,0.0,0.0,0.0,0.0,0.0,0.0,0.0,0.0,0.0,0.0,0.0,0.0,0,0,0
frequent_changes,wlc,WLC,13,19,0,0,2.672763157894737,0.6542225098971606,1.0256,3.1456,17.61221052631579,6.335393003498041,17.151,26.924300000000002,26.96246,0.0,0.0,0.0,0.015642105263157895,0.0743,0.0,17.61221052631579,17.61221052631579,0.0,0.0,0.0,0.0,0.0,0.0,0.0,0.0,0.0,0.0,0.0,0.0,0,0,0
frequent_changes,wlc,WLC,14,18,0,0,2.8011666666666666,0.5413629412119444,1.6662,3.1455,16.95738888888889,5.691278158301824,16.168,26.43045,26.473290000000002,0.0,0.0,0.0,0.033022222222222224,0.0743,0.0,16.95738888888889,16.95738888888889,0.0,0.0,0.0,0.0,0.0,0.0,0.0,0.0,0.0,0.0,0.0,0.0,0,0,0
frequent_changes,wlc,WLC,15,19,0,0,2.672921052631579,0.6766591293331833,1.025,3.1456,21.088,8.329513104351031,18.217,35.994600000000005,40.07412,0.0,0.0,0.0,0.022163157894736843,0.1239,0.0,21.088,21.088,0.0,0.0,0.0,0.0,0.0,0.0,0.0,0.0,0.0,0.0,0.0,0.0,0,0,0
frequent_changes,wlc,WLC,16,16,0,0,2.06693125,1.4482042258000078,0.0,3.1456,16.610636363636363,5.514656929904657,17.17,24.433500000000002,26.279500000000002,0.0,0.0,0.0,0.027862500000000002,0.0743,0.0,16.610636363636363,16.610636363636363,0.0,0.0,0.0,0.0,0.0,0.0,0.0,0.0,0.0,0.0,0.0,0.0,0,0,0
frequent_changes,wlc,WLC,17,14,0,0,2.8562357142857144,0.8281660476453544,0.0,3.1455,15.720692307692309,3.9797536227052923,15.508,19.9006,19.99612,0.0,0.0,0.0,0.03715,0.0743,0.0,15.720692307692309,15.720692307692309,0.0,0.0,0.0,0.0,0.0,0.0,0.0,0.0,0.0,0.0,0.0,0.0,0,0,0
frequent_changes,wlc,WLC,19,19,0,0,2.6683947368421053,0.596221966006401,1.4595,3.1456,18.808263157894736,5.260688873797859,17.046,26.869600000000005,29.761120000000002,0.0,0.0,0.0,0.015152631578947369,0.1393,0.0,18.808263157894736,18.808263157894736,0.0,0.0,0.0,0.0,0.0,0.0,0.0,0.0,0.0,0.0,0.0,0.0,0,0,0
frequent_changes,wlc,WLC,20,19,0,0,2.7373105263157895,0.5999711140220159,1.025,3.1455,19.97384210526316,7.7986460097118995,17.728,28.531800000000025,41.778360000000006,0.0,0.0,0.0,0.027373684210526317,0.0743,0.0,19.97384210526316,19.97384210526316,0.0,0.0,0.0,0.0,0.0,0.0,0.0,0.0,0.0,0.0,0.0,0.0,0,0,0
